{"ENG":41.5306122449,"nonENG":42.1592920354}